{
  "miou": 0.9836058963208476,
  "iou_per_class": [
    0.998165695957636,
    0.9805163420728209,
    0.9721356509320856
  ],
  "dice_per_class": [
    0.999082006038801,
    0.9901623341785772,
    0.9858709774579933
  ],
  "pixel_accuracy": 0.9974513053894043,
  "confusion_matrix": [
    [
      19441959,
      5498,
      3553
    ],
    [
      17552,
      2320841,
      23067
    ],
    [
      9125,
      0,
      1247077
    ]
  ]
}